//====== Gen1 - Fever ======;
// ---Hub---;
Fever_Bank_Title;BANK
Fever_Library_Title;LIBRARY
Fever_Sane_Title;<icon=StorybookToken> The Mark of Genius
Fever_End_Title;Second round Event - Election Season
Fever_End_Content;Political pandering may require more than simply a silver tongue and a bright smile. Be sure to have some extra capital on hand as the need may arise.
// ---Gen1CreepyTrack---;
Gen1CreepyTrackRes_Title;A Seedy Arrangement
Gen1CreepyTrackRes_1_Content;It was unorthodox for {{0=...|Oliver|James|Olivia|...}}, or anyone of that reclusive lineage, to entertain unknown visitors, but something must have piqued their curiosity. A conversation from an evening dinner is noted in a journal entry:<br /><br />"Your estate is simply exquisite," the representative was noted as saying with an unsettling grin. "I am impressed to find a rarefied jewel nestled in such a remote place. But, as you will no doubt agree, it can always use improvement and I would like to offer you support in this." In fact, it was noted that the individual's mannerisms were especially secretive and plotting.<br /><br />The representative from the Fraternity of Hunters offered their support with substantial funds. With the hope" that this kindness would be repaid in the future.
Gen1CreepyTrackRes_2_Content;It was unorthodox for {{0=...|Oliver|James|Olivia|...}}, or anyone of that reclusive lineage, to entertain unknown visitors, but something must have piqued their curiosity. A conversation from an evening dinner is noted in a journal entry:<br /><br />"Your reputation is known across the region for vehemently challenging the established norms," the representative from the Order of St. Hubertus was noted as saying with a wide grin. They leaned in conspiratorially, an expensive perfume loud enough in fragrance to draw water from the eyes. "From what I hear, you are unwilling to allow the rules of academia to hold your work back from its true excellence. Please, let me admire your experimentation."<br /><br />This was highly controversial! And to be so brazen about it! It was left to the scientist to decide if being granted the opportunity to <b>perform an extra experiment</b> was worth the possible consequences of revealing one's work.
Gen1CreepyYes_Title;Agreed
Gen1CreepyYes_A_Content;The individual produced a banker's cheque from their overcoat and an ink pen from their breast pocket, signing the note with an extravagant signature. Stamped upon the egg-shell cardstock in golden foil was the insignia of a bow and arrow. The man twirled his handlebar mustache with a deep laugh before exiting by carriage.<br /><br />Perhaps it had been a chance meeting, yet for some reason, the scientist suspected a deeper meaning had yet to be revealed.
Gen1CreepyYes_B_Content;The representative was appreciative of {{0=...|Oliver|James|Olivia|...}}'s humble demonstration. As the experiment was performed, they proceeded to take extensive notes which were then sealed up in a leather satchel as they departed soon after. The satchel was conspicuously emblazoned with the insignia of a wolf's head.<br /><br />Perhaps it had been a chance meeting, yet for some reason, the scientist suspected a deeper meaning had yet to be revealed.
Gen1CreepyNo_Title;Ridiculous!
Gen1CreepyNo_Content;As one might expect, the next few pages of notes in the journal are filled with unflattering jests and laughter at this absolutely half-witted rube and the seedy proposition they had offered. And so {{0=...|Oliver|James|Olivia|...}} waved them away with flippant disregard for wasting their time.<br /><br />An individual has no allegiance but to one's self. They would not be saddled with some unknown, absurd consequence!<br /><br />However, unbeknownst to the semi-virtuous scientist, there was another party that observed this gesture with great interest. Perhaps in time this mystery would be revealed.
// ---Gen1SanityTrack---;
Gen1SanityTrack_Title;To Quell the Mind
Gen1SanityTrack_Content;Just as a sharpened blade loses some of its steel, so it is the same with a pointed intellect so repeatedly ground. This precise focus upon scientific labors caused the siblings' brains to wander and ache for relief even as a powerful ambition compelled them well beyond their physical tolerances.
Gen1SanityTrackRes_Title;A Letter From an Old Friend
Gen1SanityTrackRes_0_Content;"You shouldn't drive yourself so hard," the letter stated. "It is unsustainable. For each night you toil away until dawn's light, it takes years from your mind."<br /><br />While the nature of their work ensured that it was performed in solitude, {{0=...|Oliver|James|Olivia|...}}, and their spouse especially, still enjoyed writing letters to the few friends who would receive them. This particular letter from an old colleague at university recommended a specific retreat in Rovinj, where the warm Mediterranean air would rejuvenate the body and quiet the mind. For a small price, they could own a vacation home.<br /><br />While this time away could have a negative affect on their child, it would also allow them to <b>gain knowledge</b> and <b>calm their sanity</b>. Refusal, however, would carry no risk and maybe give them more time to complete their labors.
Gen1SanityYes_Title;Vacation Offer Accepted
Gen1SanityYes_Content;Perhaps the weight of the work lay heavy upon their shoulders or the stress of parenthood prompted a needed escape. In either case, {{0=...|Oliver|James|Olivia|...}} would utilize this second home often. As they contemplated the calm ocean waters from their seaside villa, their child was left in the care of servants and spent their winters within the solitary stone walls of the cold estate.
Gen1SanityNo_Title;Time is Precious
Gen1SanityNo_Content;There was no time to rest. And even if there was, the frequent bouts of insomnia {{0=...|Oliver|James|Olivia|...}} experienced certainly eliminated the option. It was all in the work. They were convinced that this obsession that carved lines into their graying skin was more important than self-preservation. How could they vacation while perched on the precipice of a triumphant victory?
// ---FeverServe1---;
FeverServe1_Title;Fortuitous Assistance
FeverServe1_Content;The small village certainly offered a degree of seclusion and a minute amount of rustic charm on the days when gangrenous bodies of the afflicted were not carted through the streets. But in accordance with this anonymity, it did not easily provide the luxuries generally afforded to the whims of {{0=|two|three|four}} young aristocrats and their spouses.<br /><br />The family was overjoyed then to receive a letter from some of their most trusted colleagues - however, this joy abated when they detailed an opportunity to offer wardship and tutelage to unfortunate youths failing in their studies. While the interruption was exasperating, an additional hand would allow them more time to focus on important work and to avoid the aromas of the local peasantry.<br />
// ---S5Special---;
S5Special1_Title;The Town Is in Need of Direction
S5Special1_Content;After the untimely death of the current mayor (and the previous three), the town was once again embroiled in politics. While several mediocre businessmen had thrown their hats into the arena, the family sensed a restlessness in the small village as they searched for direction forward. Having been raised with an affinity for friendly competition, it was decided that governance would be a droll leisure activity for the family. They decided to use their influence to sway the election in their favor.<br /><br />This was especially pressing as the new mayor would immediately 
S5Special1A_Title;A Bid for Mayor
S5Special1B_Title;Humble Beginnings
S5Special1B_Content;The family had made their first mark on the history of the town, for good or ill. It would be several years before they would understand the ominous ramifications of this decision, but it was clear that life in {{0=...|London|Dubai|Paris|...}} would never again be the same.
S5SpecialSetup1B_Title;Direction of the Town
// ---FeverServe2---;
FeverServe2_Title;Daughters Entrusted
FeverServe2_Content;During the heat of summer, a handsomely dressed woman arrived at each estate with a letter in hand. Interestingly, a former business associate of their mother's requested a daughter be put under each of the houses' charge - along with a considerable stipend to offset the cost. While an appreciable burden, it was irrefusable given the social mores of the time. Being twenty-three and therefore past the age of reasonable marriage, she accepted the new labors with a somewhat heavy heart and was quickly ingratiated into the fold.
// ---FeverHeart---;
FeverHeart_0_Title;Legacy of Charity
FeverHeart2_0_Title;Charity Awarded
// ---S5Fate---;
S5Fate1_Title;Financial Woes
S5Fate1_Content;The village of {{0=...|London|Dubai|Paris|...}} was, for lack of a more appropriate term, agricultural in its funds and like many similar small villages, were woefully unprepared for the ravages of disease. Despite the generosity (or lack thereof) of the family, the church's already severely limited resources have been stretched to their limit in their distinctly unscientific attempts to stem the spread of infection. With no more donations to call upon, the diocese turned to the local financial institutions for aide.
S5Fate1_Content1;With additional financial capital from the <b>Bank</b>, the church obtained the funds needed to build a Hospital. 
S5Fate1_Content2;The addition of a <b>Library</b> to the already strained finances of the village proved insurmountable, and the church failed to build a Hospital. Perhaps the lifestyle of an aristocrat blinded the mayor to this reality, but it was certain that the village would progress down a darker path.
S5Fate2_Title;FATE of the Infected
S5Fate2_Content;The congregation and citizenry, stricken with the weight of those lost in the battle with Yellow Fever, could only provide a meager sum, which placed the financial future of the village into the hands of the most charitable scientists.
S5Fate2_Content1;<b>SUCCESS!</b><br />With charitable contributions totaling over <b>{{0=...|6|7|8|9|10|...}}</b> <icon=S1_HeartToken>, the Hospital was built. The additional medical infrastructure provided the town a respite from another severe outbreak and ushered in a new era.
S5Fate2_Content2;<b>FAILURE!</b><br />With charitable contributions failing to exceed <b>{{0=...|6|7|8|9|10|...}}</b> <icon=S1_HeartToken>, the Hospital was not built. This ill-timed news was delivered just as several new cases of influenza spread across the region. Without the Hospital, the results were drastic.
//====== Gen2 - Hospital ======;
// ---Hospital Intro---;
HospitalIntro_SubTitle;Thriving in Adversity
HospitalIntro_Content;It is said that springtime under the watchful eye of the snow-tipped Carpathian mountains is a wondrous sight to behold. A single excursion in these rolling hills amongst the paths that split green grass is said to reinvigorate the lonely traveler. It is common to catch the aroma of sweet bread in the air, the sounds of babbling streams with moss-covered roots sipping the cool waters, and the richness of golden honey sunsets illuminating the countryside. If but for one season, a certain blitheness, a blissful simplicity of purpose alights the torch of poetry in the dark minds of men.<br /><br />Therefore, perhaps it is most appropriate that the return of the scientists coincided with this season, as thanks to their predecessors' aid the town had become rejuvenated. The ashen grayness that once dominated the small town had been brightened, like the azalea flowers and crocus that now bloomed in window boxes along the streets.<br /><br />The new hospital had become a site of great hope and strength for the people and the town was able to weather the disease even while the newspapers described the bleakness of the surrounding cities. Due to the work of their progenitors, honorary positions on the board of trustees at the hospital were awarded to their sons and daughters -  positions which they sadly could not refuse. However, this controlled proximity to the ravages of disease also offered a boon for scientific inquiries and exploration.<br /><br />This serendipitous push forward in disease prevention attracted the attention of not only the diocese, but also the scientific community hoping to replicate their success. There were even rumors of a government-sponsored university -  a prospect that caused great tension within the church and the townsfolk used to their isolated and bucolic existences.<br /><br />The possibilities for advancement - and exploitation - seemed limitless. But, would their ingenious and unorthodox ambitions prove too unconventional for the cautious minds of academia? Or would the pressures of rejection from their peers break their indomitable spirit?
EradicateDisease_Title;The Cure
EradicateDisease_Content;They dined together on weekends, accepting hosting duties with a benign reciprocity. As such, many an evening's conversation descended into more hotly contested subjects of the time. No topic was more pervasive than disease. And most specifically, Yellow Fever -  with the incessant sound of coughing and chiming of bells with every breeze.<br /><br />While they agreed that for a {{0=|duo|trio|quartet}} of respectable, infamous scholars, this problem should prove trivial, it was the actual curing effect that was hotly contested. The disease provided them a decent concealment for their surreptitious enterprise. Were they to become philanthropists, it may prove detrimental to secrecy.<br /><br />They decided to leave the matter up to personal pursuits. If someone felt industrious enough to complete it, then so be it.
ChooseScience_Content;<br /><br /><b>"Universal Interest" - Journal Entry - November, 1859 - {{0=...|Oliver|James|Olivia|...}}</b><br /><br />It has been three days since I received a letter from the Hungarian government and two days since my cousins deigned it necessary to make me the target of their ridicule. My parents cared deeply for this horrid community - a sentiment that those miscreants know nothing about!<br /><br />I am not some groveler who needs confirmation from the stuffed shirts and upturned noses of European academies. But, getting to choose the <b>subject of the upcoming Symposium</b> that could very well determine if a <b>University</b> is built in {{1=...|London|Dubai|Paris|...}}?<br /><br />My parents instilled into me a scientific vigor that far surpasses even the members of my own, somewhat beloved, family. As I returned from studies abroad, it was my own aptitudes that spearheaded my cousins into action. Damn them and their jibes! I will show them. In fact, I have already made my choice and penned my response. It will be I who will be doing the laughing in the end.
ThirtyFiveVp_0_Title;Planned Destruction
ThirtyFiveVp_0_Content;From the letters and journal entries of the young entrepreneurs, we can see a deeply seated rivalry between them, spurred onward by feelings of inadequacy, solitude, and betrayal. Nothing was more insidious than the moments when they actively sabotaged the work of others for their own benefit.<br />
Gen1InsanityYes2_Title;Absent Parent
Gen1InsanityYes2_0_Content;An investment in a summer home may have calmed their parent's nerves during times of stress, but it also meant time away from the Estate. These increasingly frequent visits to rekindle sanity meant {{0=...|Oliver|James|Olivia|...}} II's childhood guidance came more from the servants around the home than from their parental figures. This left an unfortunate void in their psychological development, one that affected their actions for the remainder of their life.
// ---Hub---;
Hospital_Title;Thriving in Adversity
Hospital_Board_Title;<icon=Storybook><b> Board of Trustees</b>
Hospital_Board_Content;Due to the efforts of your family, the Hospital has graciously awarded you with a seat on the Hospital's board of trustees.
Hospital_Hospital_Title;Hospital
Hospital_Cure_Title;<icon=StorybookToken><b> The Cure</b>
Hospital_Panacea_Title;<icon=StorybookToken><b> The Panacea</b>
Hospital_ImmortalitySecret_Title;<icon=StorybookToken> <b>The Secret to Immortality</b>
Hospital_ScientificAdvances_Title;<icon=StorybookToken><b> Scientific Advances</b>
Hospital_VictoryAhead_Title;<icon=StorybookToken><b> Victory Ahead</b>
Hospital_Symposium_Title;<b>University Symposium</b>
Hospital_Symposium_Content1;determine the fate of a <b>University</b> in town in the spot where the Traveling Caravan resides. 
// ---Hospital Visit Check---;
HospitalVisitCheck_Title;A Compulsory Visitation
HospitalVisitCheck_Content;The {{0=...|London|Dubai|Paris|...}} General Hospital was one of the first hospitals in the region. Established in 1865, it was instrumental in changing the public perception of a hospital from a place you go to die to a place of healing with the most modern advances in medicine.<br /><br />On the day of the visit, several nurses bandied about, treating patients from nearby villages with symptoms of the Yellow Fever{{1=?| and using the innoculation techniques that the family had recently published}}.
HospitalVisitReject_Title;Kind Rejection
HospitalVisitReject_Content;Legal proceedings were still ongoing due to their previous visit to the Hospital grounds. Therefore, Dr. {{0=...|Oliver|James|Olivia|...}}'s repeated presence was not well-received by the staff nor by the other cousins who were forced to witness them debase themselves by raising their voice and trying to forcefully gain entry to the facility.<br /><br />Was it madness that drove them to it or a deep obsession that even this humble biographer cannot fathom? Whatever mental deficiency urged them onward, it certainly did not have the desired outcome.<br />
HospitalVisitCheck2_0_Title;Visitation Report: Dr. {{0=...|Oliver|James|Olivia|...}}
HospitalVisitCheck2_0_SubTitle;Notes submitted by Nurse Varga
HospitalVisitCheck2_0_Content1;Dr. {{0=...|Oliver|James|Olivia|...}} seemed in a hurry. Dismissed each area as sterile and uninspired. Until we arrived at the operating room. Immediately became enraptured, fixated, and I had to thrice repeat myself before they responded.<br /><br />{{1=?|"This is all wrong. What do they teach in these surgeon schools?" Dr. {{0=...|Oliver|James|Olivia|...}} asked, clearly not expecting an answer and brazenly entered the operating room to accost the surgeons on duty. They retrieved a scalpel and insisting on completing the operation themselves. I have never seen so much blood.|Their response was muffled and I was unable to stop them from entering the theater. Their face was etched in a hideous grin as they stood at the center with their hands raised into the air. At this point, they either refused to listen or entered a catatonic state which left them motionless for nearly an hour.}}<br /><br />At this point, {{0=...|Oliver|James|Olivia|...}} had to be escorted by security from the premises. They are barred from any further tours of the facilities.
HospitalVisitCheck2_0_Content2;Relatively uneventful visit, though unsettling. Dr. {{0=...|Oliver|James|Olivia|...}} requested a tour through the wards.<br /><br />{{1=?|Mostly disinterested and silent. However, our visit to the morgue was longer than to my liking. Dr. {{0=...|Oliver|James|Olivia|...}} kept insisting on inspecting the more extreme cases, excitedly asking questions while I unsuccessfully attempted to stop them from physically handling the deceased.|At one juncture, Dr. {{0=...|Oliver|James|Olivia|...}} approached a patient in the hallway that had been confined to a bath chair. Unprompted, they began a through examination of the individual, palpating their hairline and skull with their fingers. To my dismay, they were enraptured by a rash along the patients cheek which was covered in small protusions and red boils. They insisted on collecting several samples of the fluid they produced.}}<br /><br />After requesting access to more severe emergency cases, we walked the grounds. They kept stating that the facilities were "unimpressive compared to their own." I shudder to think on what that phrase means.
Gen1InsanityNoExtraAction_Title;More Time Than Ever
Gen1InsanityNoExtraAction_Content;{{0=...|Oliver|James|Olivia|...}} II's parent had instilled in them a strict work ethic. Their refusal to purchase a summer home at their colleague's insistence, while stressful, had allowed them time to engender this familial connection.<br /><br />And so this matter of administrative duties was handled with the utmost brevity, allowing them to focus on the monumental task at hand.<br />
// ---Hospital Define---;
HospitalDefine_Title;Hospital
// ---Yellow Fever Cure---;
YellowFeverCureSignin_Title;Yellow Fever Inoculation
YellowFeverCureSignin_Content;Through sheer perseverance and months of exposing both themselves, their spouse, all their servants, and several delivery persons to potential curing agents in different hues of yellow, a surprisingly effective solution was created that could be administered intravenously.<br /><br />
MethodUnicure_Title;Local Scientist Discovers Inoculation for Yellow Fever
MethodUnicure_0_Content;The local headlines were inevitable. While history may ascribe a later date to this monumental event due to the volatile nature of simply injecting oneself with the viscous black and yellow vomit of an infected individual, it was an unsettling leap forward in our understanding of antibodies and herd immunity.<br /><br />The scientific establishment{{0=?|, although pensive about my recent lecture,}} was thrilled by the discovery of a cure for the pervasive disease. Dr. {{1=...|Oliver|James|Olivia|...}} Jr. was urged to release their curious methodology in a series of published journal entries to offer peer review and additional critique. However, they were reticent to immediately share findings before obtaining a patent. This knowledge could provide a lucrative financial outlet.<br /><br />
Unicure1_Title;Published!
Unicure1_Content;While inevitably the findings were deemed underdeveloped by the prevailing medical institutions, the discussion they set forth resulted in the name {{0=...|Oliver|James|Olivia|...}} being bandied about for years to come. The release of this knowledge even had a minor sedative effect on the locals -  those poor, gullible wretches.
Unicure2_Title;Patented!
Unicure2_Content;{{0=...|Oliver|James|Olivia|...}} Jr. was known for their incisive wit and even more acute business dealings. Shirking the potential admiration of medical elites, {{0=...|Oliver|James|Olivia|...}} hastily submitted a patent for this breakthrough in disease prevention. While it ensured a hefty sum for royalties, the locals eyed this new development as yet another attempt by aloof eccentrics to toy with the lives of the poor and their wariness increased.
// ---Panacea---;
PanaceaIntro_Title;Eradication Forever
PanaceaIntro_Content;Were they still not satisfied? The family pondered this as they enjoyed their morning tea on the veranda, peering over the countryside from behind their gothic spires while their experimentations simmered in the laboratories deep in their manors. The people, the scientists, the church -  which institution would be the next to take exception to their important discoveries?<br /><br />A Cure-All, or Grecian Panacea, became the newest topic of considerable divisiveness. It was the logical next step. Some in the family dismissed it as a waste of energy, while others valued it as a sought-after proposition.
Panacea_Title;A Cure for All
Panacea_Content;It seemed that finally, after years of tireless dedication, a solution to the ails of all men had been formulated. The family was divided on the efficacy of this course of action, but one individual forged ahead recklessly, headless to their warnings.
PanaceaMessage_0_Title;Unintended Results
PanaceaMessage_0_Content;The dedication to the task was clear. My research unearthed several journals filled with line after line of a single mathematical formula, handwritten and repeated ad nauseam, followed by a chemical formula with slight alterations over time. The obsession literally spanned volumes and eventually paid large dividends.<br /><br />While technically the resulting solution did in fact "cure" all diseases, it also resulted in the death of the test subject, the liquification of their bones, dissolution of skin, and eventually five meters of solid ground in the affected area.<br /><br />A concoction such as this, despite its volatile nature, could offer legitimate scientific benefits upon publication. However, there were, of course, other options...<br />
PanaceaMessage_0_Content1;<b>Do you wish to publish your findings or would you like unleash your creation on your rivals?</b><br />
PanaceaMessage_0_Content2;Publish my findings for fame.
PanaceaMessage_0_Content3;Unleash my creation!
Panacea1_Title;A Weapon Published
Panacea1_Content;In a shocking display of altruism, the findings were published in a series of medical journals at the behest of the university's administration. The published work was controversial, but considered revolutionary, as the strength of the failed <b>Panacea</b> had several alternative applications.<br /><br />The local population, while grateful for the additional tourism, were less than consoled. As much as it was innovative, it was also a secretly manufactured chemical so devastating that all organic matter deteriorated within minutes of it's application.<br />
PanaceaTooOld_Title;Too Old
PanaceaTooOld_Content;With only a few years left in their existence, and hence the existence of their familial rivals, {{0=...|Oliver|James|Olivia|...}} realized that it was too late for their creation to have a critical effect on their endeavors.<br /><br />This crucial realization was certainly prompted by the entire reserves of the concoction being exhausted one evening when testing the local livestock. Ah, how the mind fades with old age!<br />
PanaceaUnleash_Title;"April Fools Day" - Journal Entry - 1882 {{0=...|Oliver|James|Olivia|...}} Jr.
PanaceaUnleash_Content;It was a fine summer morning when I heard a piercing scream from the garden. While I had grown relatively accustomed to this cry of distress in my experimentations, it was decidedly peculiar to hear the sound over morning coffee and crepes.<br /><br />After sashing my robe about me, I exited the manor in time to witness the final moments of a servant tending to the trimming. With a quick lurch, they turned towards me, now beyond sound as their facial features collapsed inwardly. Sanguine chunks of flesh fell to the ground and sizzled like bacon grease on the grass. Within seconds, the human figure that once tended to our garden was a sloshy pile of pink and white froth on the lawn and whatever substance had caused it had seeped deep into the ground, creating a considerable hole in the landscaping.<br /><br />I took a sip of coffee and examined a nearby glass vial labeled as "vital elixir for use in the prevention of disease." I recognized our dear cousin's penmanship instantly -  the prankster!<br /><br />However, unfortunately, another servant stood slack-jawed near the gate, having witnessed the entire spectacle. It would be difficult to replace this worker.<br /><br />
// ---Trigger 3 Experiments---;
Trigger3Experiments_Title;<b>Advancements in {{0=| |Chemistry|Engineering|Biology}}</b>
ThreeExperimentsRes_Title;<b>Advancements in {{0=| |Chemistry|Engineering|Biology}}</b>
ThreeExperimentsRes_Content;As the years ambled onward and the peculiarities of their experimentations became more complex, it was not unheard of for the family to submit discoveries to scientific and medical journals. While most were summarily rejected, this constant stream of inquiries sometimes resulted in visits from interested parties.<br /><br />One such visitation occurred at the laboratory of {{0=...|Oliver|James|Olivia|...}}. While frightening to behold at first, they were intrigued by the exceedingly complex {{1=| |labyrinthine weaving of rubber tubing, chemicals, and simmering beakers of various shapes and sizes along the walls.|vestibule filled with electrical coils, switches, dials, and several large metal cabinets with blinking red lights (a dazzling rarity in that age).|display of colorful Chemicals and unique specimens collected (and created) over time.}} Certainly immense strides forward had been made in {{2=| |chemistry|engineering|biology}}.<br /><br />It was only natural that they provided encouragement and financial resources to help preserve this unique arrangement. Especially after being informed that it was the only way they would leave the premises unaltered.
// ---Trigger 35 Points---;
Trigger35Points_A_Title;<b>"Nasty Rumors" - Journal Entry, 1878</b>
Trigger35Points_A_Content;To reach the pinnacle of understanding, only to feel the cruel hand of treachery. The rest of the family was noticeably not distraught when a recent article in the regional newspaper spread an uncomfortable rumor about my personal hygiene.<br /><br />I do not have time for this interruption! I do not smell like pickles! It is the formaldehyde solution for my most recent experiment. It is not the smell of pickles -  it is the smell of SCIENCE!
Trigger35Points_B_Title;<b>"Unfortunate Accident" - Journal Entry, 1876</b>
Trigger35Points_B_Content;My work! My property! Sabotaged.<br /><br />I awoke this evening to find my home on fire and the culprits nowhere to be found. But, I know who did it. I could still smell the chemical reaction as the fires raged. I would have never expected my cousins to stoop to such a base level. Direct and blatant sabotage? Absolutely unconscionable.<br /><br />It will take weeks for my spouse to manage the removal of the damaged piece of our Estate. They are all just jealous of my genius!
// ---Immortality---;
Immortality_Title;Overcoming Death
Immortality_Content;If not now, then when? The cousins pored over this question. How long would they remain relegated to an eccentric footnote murmured amongst the townspeople? Why must they toil in their most important labors under the cover of darkness and stone like vermin? A deep restlessness had set into the minds of each, and even on the cusp of approval from the academic community, they could not quell these thoughts.<br /><br />It was trivial to discuss meager experimentations when the solidification of such a poignant legacy repeated fruitlessly generation upon generation. If only time was no longer an obstacle.<br /><br />They vowed to accumulate a wealth of knowledge in their fields of expertise that far surpassed the pitiable ruminations of ancient scholars. Perhaps if they pushed forward into the unknown they would harness new and untold powers. Their evening conversations spurred them to devise a way to cheat the most sacred and inevitable truth of existence.<br /><br />For if life can be taken and altered by humanity into its most cruel and twisted form, surely that same spark could be endlessly preserved!<br /><br />
Gen1CreepyRefuseBonus_0_Title;A Strange Visit
Gen1CreepyRefuseBonus_0_Content;Consumed by the immense scientific enterprise they have undertaken, the cousins rarely allowed moments to indulge visitation. However, after they had ignored several missives from a strange organization, a group of individuals arrived at {{0=...|Oliver|James|Olivia|...}}'s estate with an un-sprung cart full of building materials.<br /><br />It appeared that they were aware of {{0=...|Oliver|James|Olivia|...}}'s <b>parent's refusal</b> to accept a suspicious gift, a refusal that avoided catastrophic consequences too horrible to describe. Without further explanation though, they had procured the necessary materials to construct a gift and were set upon the task immediately. <br /><br />
Gen1CreepyAgreedReturn_0_Title;Order of St. Hubertus
Gen1CreepyAgreedReturn_0_Content;On an unseasonably warm evening with a thick fog obscuring their arrival, an operative from the Order of St. Hubertus knocked upon the estate door. There, at the entranceway with no intent to venture further, the man addressed {{0=...|Oliver|James|Olivia|...}} II in an authoritative tone.<br /><br />The man peered out from under his cloth hood, his eyes glowing with unnatural light. "Though we no longer have claims to this region, our assistance is not given without cost. And your family's debt has come due," the man stated while several other cloaked individuals emerged from their carriage, small blades visibly clutched between their fingers.<br /><br /><br /><br />It seemed that decision of their parent had finally come to fruition. The gentlemen were kind enough to offer {{0=...|Oliver|James|Olivia|...}} II a choice of debt repayment.<br /><br />
Gen1CreepyAgreedReturn_1_Title;Fraternity of Hunters
Gen1CreepyAgreedReturn_1_Content;On an unseasonably warm evening with a thick fog obscuring their arrival, an operative from the Fraternity of Hunters knocked upon the estate door. There, at the entranceway with no intent to venture further, the man addressed {{0=...|Oliver|James|Olivia|...}} II in an authoritative tone.<br /><br />"Though we no longer have claims to this region, our assistance is not given without cost. And your family's debt has come due. We kindly ask for immediate remuneration," the man stated while several other burly individuals emerged from their carriage, tapping various gleaming bludgeoning instruments against their palms.<br /><br /><br /><br />The gentlemen were kind enough to offer {{0=...|Oliver|James|Olivia|...}} II a choice of debt repayment.<br /><br />
InfinityClick1_Title;Research Completed
InfinityClick1_Content;It seemed unimaginable -  not simply a cure for all disease, but a mysterious contrivance to extend life indefinitely. Perhaps, those that pursued this heretical course of action should not have postulated, "could it be done?" Instead, they might have asked themselves, "but at what cost?"<br /><br />
InfinityClick2_Title;<b>The {{0=|Secret to|Marvelous|Discovering|Forward to}} Infinity Journal Entry {{1=...|Oliver|James|Olivia|...}} </b>
InfinityClick2_Content;There is no doubt in my {{0=|immaculate brain|inestimable mind}}. With this research completed, {{1=|I have surely unlocked a most flawless scheme to extend my existence indefinitely!|the world will tremble at the mere utterance of my name.}} The ravages of time will no longer have an effect on my work and I will be free to face the {{2=|infinite|future}} unimpeded by this mortal coil!
ImmortalityMwUpdate_Title;The True Secret
ImmortalityMwUpdate_Content;The family's pursuit of everlasting life brought new and inspirational concepts to the forefront. These ideas could verify the seemingly untenable Masterwork blueprints created by their Grandfather.<br /><br />
ImmortalityMwUpdate2_Title;The Possibility Exists
ImmortalityMwUpdate2_Content;The thoughts consumed their waking hours, compelling them to action. Surely if a form of <b>Immortality</b> can be so readily created by the family, then a more perfected version was just on the horizon. It would need to be done. It had to be done, or the shame they felt would weigh heavily on everything their exceptional lineage had created thus far.<br />
// ---Symposium Event---;
SymposiumEvent1_Title;A Collection of Esteemed Colleagues
SymposiumEvent1_Content;The journey to the newly created city of Budapest for the {{0=| |Chemistry|Engineering|Biology}} Symposium was uncharacteristically dour. However, this dreadful murkiness could not dampen the spirits of the {{1=|two|three|four}} -  nor could the sojourn in the marginal accommodations prepared for their arrival. For the cousins, this recognition for their efforts to advance science at all costs was considerably well-deserved and long-overdue.<br /><br />The University was abuzz with activity as they attended various events and offered their prescribed greetings.<br />
SymposiumEvent2_Title;For the Advancement of {{0=| |Chemistry|Engineering|Biology}}
SymposiumEvent2_Content;The symposium began with a series of lectures from various noted {{0=| |chemists|engineers|biologists}} from Eastern Europe. When it was their time to present, each cousin in turn rolled in a large cart covered with a velvet blanket to conceal their work until the appropriate moment during the lecture.<br /><br />As noted by several critics, each family member went well over their allotted time, providing eye-opening live demonstrations during the peak of their lectures that required many in the first rows of the operating theater to change into a clean outfit after the end of the exhibition.<br /><br />The spirited presentations stunned the community to abject silence.<br />
SymposiumEvent3_Title;The Fate of the Lecture Series
SymposiumEvent3_Content;If it amounted to anything, those in attendance were certainly astonished by the eccentricities witnessed that day. Some weaker-willed individuals were prone to nausea and fainting spells during the speeches, clearly in deference to the astounding breadth of visionary experimentation.<br /><br />But, were their efforts enough to sway the most notable scientific minds of the time?<br /><br /><b>SYMPOSIUM RESULT</b><br />
SymposiumFail_Title;Symposium Failure
SymposiumFail_Content;"Preposterous. A vaudevillian side-show." The scathing negative reviews were most predominant. {{0=|Then, we were treated to a ghastly vivisection of a wailing goat while an electrical device stimulated the nervous reflexes. Had I known, I would have brought an umbrella.|Steam shot from the abominable contraption's eye sockets as the speaker mumbled a rhythmic incantation that, if it had any effect at all, was to cause a ringing in my ears for hours afterward.}}<br /><br />A professional scolding soon followed from notable experts in the {{1=| |chemistry|engineering|biology}} field. Accused of peddling contentious pseudo-science, the cousins were informed that they would not be receiving any invitations for lecture opportunities in the future.<br /><br />The family returned home, each writing scathing remarks within their respective journals. They concluded that while they were no longer welcome at the University, "they were also never planning to return anyway."<br /><br />
SymposiumMiddle_Title;A Cure for Yellow Fever
SymposiumMiddle_Content;"Vague, tawdry." The notes from the lectures created a tableau of mixed reactions. {{0=|"All angst and ambition without respect for traditional ethics or the scientific method. Unsupported hypotheses, and rapid-fire homeopathic conjecture."|"Of note, however, was one intriguing if not juvenile statement. I jotted the quote down for posterity and so that others at the state may enjoy it when I plaster the message all across the lavatories. The quote:<br /><br />'It's simple. Wash your hands after you touch your butt.'"|"Delightfully crude, but potentially insightful. Overall though, the lectures were amusing for what they lacked in substance."}}<br /><br />At first they seemed intrigued, but the presentations, while exciting, proved to have only minimal scientific value in their eyes. It was decided by the majority to research any other notable discoveries in their portfolio before making their recommendations.<br /><br />
SymposiumMiddle_Content1;And it was the <b>publication</b> of a <b>Yellow Fever</b> inoculation from an otherwise unknown town in Hungary that made their decision to build a University in the region much easier.<br /><br />
SymposiumMiddle_Content2;And without the publication of a proposed <b>Yellow Fever</b> inoculation, their decision on the value of a university in a small town in Hungary was easy to make.<br /><br />
SymposiumSuccess_Title;Symposium Success
SymposiumSuccess_Content;"Eccentric, but certainly well-documented," the succinct, blood-stained note stated. "I expected the worst when Dr. {{0=...|Oliver|James|Olivia|...}} II began their presentation by {{1=|strumming a popular tune on the vocal chords of an otter.|winding up the gear mechanism of an automaton with sharpened blades for hands.|creating a salt circle with a sack-doll at the center and then asking for a blood sample from someone in the audience.|exploding a vial of acid using another, stronger vial of acid to 'get our attention'.}} But, by the hour mark, the speech really hit its stride."<br /><br />A mixture of befuddled excitement and intrigue swept through the halls of academia. Yet, the professors all agreed that despite a lack of traditional form, it was the inexorably excitable demeanor of the cousins that so enamored them.<br /><br />The Symposium had been a rousing success. Finally their work was becoming noted!<br />
// ---Hospital End of Generation---;
HospitalNegative_Title;Lack of Hospitality
HospitalNegative_Content;Unfortunately, the lack of participation in the Hospital Board of Trustees needed to be reckoned and any who chose to forgo their obligations felt their business dealings in the local area become even further strained.<br />
NoHospitalCons_Title;A Steady Focus
NoHospitalCons_Content1;For members of this ignoble family, it was not uncommon for personal labors to consume an individual's waking thoughts and cause them to forget even the most simplistic of instructions. But for those that toiled endlessly on their infernal schemes, their reward - aside from obesity and appalling hygiene - was one of a deeper understanding.<br />
HospA1Yes_Title;Immortality Advances
HospA1Yes_Content;<br />The <b>{{0=...|2|3|4|...}}</b> scientists reveled in the suspicious glances of the townsfolk whenever they strolled through town, their visages spotless and unaging. Surely, the indefinite extension of their lives was a true marvel.<br /><br />They remained in the village, tending their estates into advanced ages unheard of in this Victorian era, seemingly untouched by time. The additional scientific advances made possible by this remarkable vitality guided the town towards a more modern direction.<br /><br />
HospA1No_Title;Death Becomes Us
HospA1No_Content;<br />As their bodies withered with time, the failures of their equally outdated scientific pursuits weighed heavily on their deteriorating minds. With only <b>{{0=...|2|3|4|...}}</b> of them discovering the way towards <b>immortality</b>, the cousins wallowed in their own ineptitude.<br /><br />{{1=?|With no further push from its energetic benefactors, the university was shunned, abandoned, and refitted. }}With no sounds of screams and explosions echoing down from the hillsides, the townsfolk lost their sense of purpose. A thick fog of ignorance fell across the populace as they returned to the old ways with a righteous fervor.<br />
S5HospA2_A_Title;A Foundation for Science
S5HospA2_A_Content;<b>With the University built,</b> the town slowly embraced the advances of modern science. But, while progress certainly had its benefits, it was unclear if these surprisingly mediocre "mad" scientists were prepared for the changes that lay just ahead in a world of fairness and social change.<br />
S5HospA2_B_Title;The Foundation Crumbles
S5HospA2_B_Content;<b>With the University unbuilt,</b> the townsfolk were swayed by the local diocese to shun the sciences and cling to their faith. A swathe of ignorance encompassed the small town, as they moved towards a simpler time with simpler solutions.<br />
S5HospA3_A_Title;Relentless Opposition
S5HospA3_A_Content;The church's distrust of science has riled up the populace. Contributions to the Hospital's original construction notwithstanding, without the hope provided by a <b>Panacea</b> to remove ailments en masse, the townsfolk became determined to return to the old ways.<br /><br />A most pitiful display that led to stagnation and the return of the pestilence that once was eliminated from the land.<br />
S5HospA3_B_Title;Relentless Opposition
S5HospA3_B_Content;The church's distrust of science has riled up the populace. Contributions to the Hospital's original construction notwithstanding, the nonsensical decision to <b>unleash</b> the proposed Panacea resulted in a loss of the original formula. Without the hope provided by a <b>Panacea</b> to remove ailments en masse, the townsfolk became determined to return to the old ways.<br /><br />A most pitiful display that led to stagnation and the return of the pestilence that once was eliminated from the land.<br />
S5HospA3_C_Title;The Allure of Discovery
S5HospA3_C_Content;While the Panacea proposed may not have approached the problem in an ethical nor fiscally responsible way, the simple gesture garnered much attention from the academic community. Along with the famed discovery of a "cure" for Yellow Fever, this potential for scientific advancement was too strong to ignore.<br /><br />The family soon found a rapt audience for their unconventional experimentations, despite all logic running counter to this development, and the city entered into a golden age of progress.<br />
RippedMasterwork_Title;Escaping The Curse
RippedMasterwork_Content;In their late years, watching the town forsake science and wary colleagues abandon them, the weight of the injustice was all too much to bear. With fists raised to the sky, cursing the gods, they ended the generation in desperation!<br /><br />The records of this time do not mention any notes of collaboration, yet each individual experienced their own bout of isolation and self-destructive mania. In a rage, they stormed their laboratories and each shattered retort, each biological anomaly encased in formaldehyde, each rusted contraption that met its end against the concrete floor was a new moment of catharsis.<br /><br />They held in their hands the feeble-minded schematic passed down from generation to generation, haunting them with its unattainable scientific pursuits, and unceremoniously scattered the torn pages across the floor.<br /><br />Finally, they we were free from this cursed legacy!<br /><br />
//====== Gen2 - Devastation ======;
// ---Devastation Intro---;
DevastationIntro_SubTitle;The Epidemic Strikes
DevastationIntro_Content;Following a bitter winter in 1862, a second epidemic descended upon the village in all its visceral and bloody force. This time, however, the town was unable to recover. Buildings were left to rot as the sick fled into the countryside. Some escaped to shelter in camps near Bucharest, while the less fortunate collapsed on the icy pathways along the journey, their frozen flesh left to thaw along muddy roadsides with the change of seasons. Lost and hopeless without aid, the town dwindled until only the barest of amenities remained.<br /><br />The desolation to which the family returned was unlike anything they had experienced in their short lifetime and the joys of youthful marriage were swiftly eclipsed by the reality of disease. Those who had stubbornly refused to join the others in mass exodus burned incense in their homes to prevent miasmatic transference of the fever -  a practice quickly adopted within the family's estates. For years, the ominous tintinnabulation echoed across the stricken valley each night to ward off the disease even as the cemetery was inundated with new bodies.<br /><br />For most, this environment of sullen quiet and isolation would cause one to question their sanity, but for the scientists, this time was marked by a signature productivity. Perhaps the thought of redemption drove them forward or the constant reminder of their own mortality with each passing moment. Either way, they each toiled away in their studies, confident that through tragedy their family's legacy would finally be secured forever in the annals of science!<br /><br />And the country began to take notice of their activities -  though not in the academic manner which they anticipated. Shadowy figures kept their watchful eye on the region with mysterious intentions. Unaware of the sinister machinations afoot, the scientists blindly immersed themselves in their work. They would soon find themselves confronted by a choice that would rock the very foundations of scientific (and rational) thought as they understood it.<br />
DiseaseConsequence_Title;Inescapable Plague
DiseaseConsequence_Content;While their parents may have escaped the harshness of the Yellow Fever epidemic thanks to their aristocratic distance from the populace, the young scientists were unable to avoid the effects of such dismal environs. As the years passed, they found themselves stricken with a chronic illness that would remain with them for their entire lives. The enfeeblement haunted their work, insomuch that many weeks at a time were spent in isolation and bed rest.<br /><br />In their individual ways, the group set to work on something to alleviate or cure these symptoms, knowing that if they were unsuccessful, <b>the disease would carry over to their progeny.</b><br />
LetterCode_Title;Surprising Correspondence
LetterCode_Content;As the welcome from the townspeople was considerably icy, the cousins were amused to receive a plain letter of correspondence sealed with wax. No return address was provided and no watermarks offered evidence as to their origin. Perhaps this mystery, they surmised, would afford them more than simple seclusion in this dreary countryside.<br /><br />Little did they realize how instrumental this stealthful exchange would prove over the next several decades.<br />
Gen1InsanityYes_Title;Absent Parent
Gen1InsanityYes_0_Content;An investment in a summer home meant time away from the estate, and these increasingly frequent visits to rekindle sanity meant {{0=...|Oliver|James|Olivia|...}} II's childhood guidance came more from the servants around the home than from their parental figures. This left an unfortunate void in their psychological development, one that affected their actions for the remainder of their life.
// ---Hub---;
Devastation_Title;Devastation
Devastation_Envelopes_Title;<icon=StorybookToken><b> Clandestine Meetings</b>
Devastation_HereditaryDisease_Title;<icon=StorybookToken><b> Relief from Disease</b>
Devastation_StableHand_Title;<icon=Storybook> <b> Stable Hand</b>
Devastation_Suspicion_Title;<icon=Storybook> <b> Suspicion</b>
// ---Envelopes---;
Envelopes_0_Title;Secret Meeting
Envelopes_0_Content;When I arrived at the location, I went about my business as normal. As I was leaving, I felt a gentle tap on my shoulder. A woman dressed in traditional garb tipped her wool cap and bid me follow her to a wooden bench nearby.<br />
FailedMeeting_Title;Failed Meeting
FailedMeeting_Content;The family's eccentricities were well known in the local area, but generally these were for reasons that at least appeared to have a sinister logic behind them. However, during this time, one of the family members was seen around town (for a period of several weeks) wearing a thinly veiled disguise about them and saying the phrase, {{0=...|password|...}}, in a conspiratorial tone to anyone who should pass by.<br /><br />Their presence was more harshly scrutinized by the local residents after this bout of what could only be deemed mental instability.<br />
HubertusWolves_Title;Upon a Secret Meeting - Letter - {{0=|April|August|October}} {{1=...|2|3|4|...}}, 1865
HubertusWolves_Content;I, {{0=...|Oliver|James|Olivia|...}}, am writing this letter to you after my meeting with an associate of the International Order of St. Hubertus. Our conversation was brief, but the resulting knowledge has piqued my curiosities.<br /><br />It has been revealed to me that your intentions are {{1=?|nefarious. The malevolent Order is consumed with greed, seeking to unearth the ancient secrets in this area and use this power to alter humanity and spread a plague of monstrous entities across the world. You only asked for your work to remain <b>concealed</b>.|demonstrably positive. The Order is only concerned with establishing a safe haven for those afflicted by disease. Your representative even revealed a physical peculiarity that had elongated her cuspids into sharp points. She left swiftly before nightfall, ignoring my pleas for her to remain, but she urged me to <b>investigate</b> the secret workings soon to become apparent.}}<br /><br />Being intimately familiar with matters of the occult, this admission is unsurprising. My apprehensions are only related to how your actions will impact my ability to advance my scientific studies most generously.<br /><br /><b>It is with sincerity that I:</b><br /><br />...have decided to 
HubertusWolves_Content1;<link=0>join and pledge my service to your cause.</link><br /><br />...have decided to <link=1>refuse this ridiculous offer.</link>
HubertusHunters_Title;Upon a Secret Meeting - Letter - {{0=|April|August|October}} {{1=...|2|3|4|...}}, 1865
HubertusHunters_Content;I, {{0=...|Oliver|James|Olivia|...}}, am writing this letter to you after my meeting with an associate of the International Fraternity of Hunters. Our secret conversation over brunch was quite revealing, and the resulting knowledge has piqued my interests.<br /><br />It has been revealed to me that your intentions are {{1=?|amusingly exploitative. The Fraternity hopes to use the recent epidemic as a cover for their activities to unearth ancient supernatural secrets in the region and use them for monetary and political gain. Although I remain skeptical, if these labors are successful, I will be deeply interested in the results. You only asked for your work to remain <b>concealed</b>.|good. It was astute for you to note how oddly silent the town has remained over the last few years. Keeping a watchful eye over the proceedings, the Fraternity appears only concerned with rooting out who or what is behind this veil of secrecy. You've urged me to <b>investigate</b> the secret workings soon to become apparent.}}<br /><br />Being an entrepreneur myself, in a fashion, these goals are not so misaligned with my own. My apprehensions are only related to how your actions will impact my ability to advance my scientific studies most generously.<br /><br /><b>It is with sincerity that I:</b><br /><br />...have decided to 
HubertusHunters_Content1;<link=0>join and pledge my service to your cause.</link><br /><br />...have decided to <link=1>refuse this ridiculous offer.</link>
HubertusConfirmation_Title;A Message of Confirmation
HubertusConfirmation_Content;<b>Continue to not allow other players to see the screen.</b><br /><br />{{1=?|Several weeks hence, {{0=...|Oliver|James|Olivia|...}} received a small package with a rough, handwritten letter containing small bits of gray hairs stuck to the adhesive. It instructed them to keep their pledge to <b>expose</b> the suspicious activities to themselves. In the coming years, it would become clear what was required of them.|Several weeks hence, {{0=...|Oliver|James|Olivia|...}} received a small package with a rough, handwritten letter containing small bits of gray hairs stuck to the adhesive. It instructed them to keep their pledge to <b>conceal</b> the suspicious activities to themselves. In the coming years, it would become clear what was required of them.}}
HuntersConfirmation_Title;A Message of Confirmation
HuntersConfirmation_Content;<b>Continue to not allow other players to see the screen.</b><br /><br />{{1=?|<b>A Message of Confirmation</b><br />Several weeks hence, {{0=...|Oliver|James|Olivia|...}} received a small missive with a watermark in the shape of a crossbow. It instructed them to keep their pledge to <b>expose</b> the suspicious activities to themselves. In the coming years, it would become clear what was required of them.|<b>A Message of Confirmation</b><br />Several weeks hence, {{0=...|Oliver|James|Olivia|...}} received a small missive with a watermark in the shape of a crossbow. It instructed them to keep their pledge to <b>conceal</b> the suspicious activities to themselves. In the coming years, it would become clear what was required of them.}}
RefusalWolvesOrHunters_Title;Exercising Caution
RefusalWolvesOrHunters_Content;There was no formal response to any letters expressing doubt. However, an individual at the Stables who could observe the comings and goings of travelers would later provide ways to contact them if the need arose.
// ---Hereditary Disease---;
HereditaryDiseaseComplete_Title;Successful Treatment
HereditaryDiseaseComplete_Content;While they could never fully cure the psychologic disorders that plagued them throughout their lives, they were able to pinpoint effective countermeasures to provide relief. The continued treatment of their afflictions allowed the scientists to overcome the especially ravaging effects of their diseases.
// ---Changes---;
Changes_Title;A Return to Civility
Changes_Content;Though the decayed trails that led to the village caused a carriage to jostle and creak most violently, a brisk, morning ride allowed the aging aristocrats a chance to escape the stale air of their stone manors and ruminate on the melancholic, dour beauty of the region.<br /><br />It was upon these morning rides that they were able to observe a sudden and peculiar transformation occurring within the town. Crews of hired laborers arrived to clear several of the empty lots in the village and construct new foundations. Within weeks, these vacant lots were filled by nondescript buildings of various purposes.<br /><br />Armed with an inimitable curiosity and thirst for knowledge, the cousins could not resist further investigation.<br />
Diseases1A_Title;A Year of Sickness
Diseases1A_Content;Even the most agile mind cannot willingly escape the frailness of the human form. As such, the foul plague upon the household syphoned a considerable energy from their work and left them bed-ridden for months on end. <br />
Diseases1B_Title;Rest and Time
Diseases1B_Content;It seemed that the cousins were fortunate in their early years. Even the most agile mind cannot willingly escape the frailness of the human form. However, with a strict regimen of rest, diet, and bloodletting, these deficiencies could mostly be nullified.<br />
// ---Gen 1 Insanity No Action---;
Gen1InsanityNoAction_0_Title;More Time Than Ever
Gen1InsanityNoAction_0_Content;{{0=...|Oliver|James|Olivia|...}} II's parent had instilled in them a strict work ethic. Their refusal to purchase a summer home at their colleague's insistence, while stressful, had allowed them time to engender this familial connection.<br /><br />And so this matter of written refusal was handled with the utmost brevity, allowing them to focus on the monumental task at hand.<br /><br />
// ---Gen1 Creepy Refusal Build---;
Gen1CreepyRefusalBuildA_Title;Order of St. Hubertus
Gen1CreepyRefusalBuildA_Content;Consumed by the immense scientific enterprise they have undertaken, the cousins rarely allowed moments to indulge visitation. However, after they had ignored several missives from the Order, a group of individuals arrived at {{0=...|Oliver|James|Olivia|...}}'s estate with an un-sprung cart full of building materials.<br /><br />It appeared that they were aware of their <b>parent's refusal</b> to accept a gift from the Fraternity of Hunters. So, regardless of {{0=...|Oliver|James|Olivia|...}}'s current allegiances, they had procured the necessary materials to construct a gift and were set upon the task immediately. <br /><br />
Gen1CreepyRefusalBuildB_Title;Fraternity of Hunters
Gen1CreepyRefusalBuildB_Content;Consumed by the immense scientific enterprise they have undertaken, the cousins rarely allowed moments to indulge visitation. However, after they had ignored several missives from the Fraternity, a group of individuals arrived at {{0=...|Oliver|James|Olivia|...}}'s estate with an un-sprung cart full of building materials.<br /><br />It appeared that they were aware of their <b>parent's refusal</b> to assist the evil schemes of the Order of St. Hubertus. So, regardless of {{0=...|Oliver|James|Olivia|...}}'s current allegiances, they had procured the necessary materials to construct a gift and were set upon the task immediately. <br /><br />
// ---Refusal Event---;
RefusalEvent_Title;An Illuminating Conversation
RefusalEvent_Content;As the black carriage approached, the young man paused in his duties and lit a small pipe. In these dark times, a stablehand knew more about the comings and goings of the townsfolk than most anyone in the region. A few conspiratorial words and he was generous with information.<br /><br /><b>I introduced myself as:</b><br />
RefusalReveal_0_Content;"You do well to proceed with caution," The stable hand stated. "The situation, as I understand it, is simple. The Order of St. Hubertus is {{0=|good|evil}}. Fraternity of Hunters is {{1=|good|evil}}. It doesn't get much simpler than that, to me at least."<br /><br />{{2=?|"The Order wants the village to become a haven for outcasts. They're set to <b>expose</b> the evils in the region and if they do, you can be sure they'll build a University with <b>skilled workers</b>."|"The Order - not sure what they really want per se. Something about unleashing a horrible vengeance on mankind. It isn't very specific. They want to keep their work <b>concealed</b> and are even now setting up a way to perform their <b>Experiments</b>."}}<br /><br />{{3=?|" The Fraternity -  the usual good guy routine. <b>Expose</b> injustice in the village today and hunt down the demons that roam the countryside. If you want to <b>regain your sanity</b> in this messed up world, they'll be the ones to aid."|" <b>Money</b>, power, influence. If the Fraternity can use these dark secrets to their advantage, they will. They want to <b>conceal</b> their work in the village. They prey on the weak-willed and gullible."}} He punctuated his final statement with a puff of acrid tobacco.<br /><br />{{4=...|Oliver|James|Olivia|...}} was fascinated by the idea of not one, but two secret societies hiding in this very village. The stable hand, after an exchange of some coin, was even willing to give instructions on how to contact the factions for membership. {{4=...|Oliver|James|Olivia|...}} was presented with a curious dilemma indeed.<br /><br /><b>You may choose to:</b><br /><br />
RefusalReveal_0_Content1;<link=0>Join the Order of St. Hubertus.</link><br /><br /><link=1>Join the Fraternity of Hunters.</link><br /><br />OR<br /><br /><link=2>Leave and do Nothing.</link>
WolfJoin_Title;Order of St. Hubertus
WolfJoin_Content;A messenger in a gray cloak marked with the insignia of a wolf's head arrived at the estate one evening. They smiled and the gleam of their white teeth shone in the moonlight.<br /><br />
WolfJoin_Content1;<link=0>Pledge your service to the Order of St. Hubertus.</link><br /><br /><link=1>Decide to do nothing instead.</link>
HunterJoin_Title;Fraternity of Hunters
HunterJoin_Content;A messenger arrives at sunset wearing a pendant around their neck with a golden bow and arrow insignia upon it. They wait expectantly for your correspondence.<br /><br />
HunterJoin_Content1;<link=0>Pledge your service to the Fraternity of Hunters.</link><br /><br /><link=1>Decide to do nothing instead.</link>
JoinedAlready_Title;A Busy Day
JoinedAlready_Content;The man looked at {{0=...|Oliver|James|Olivia|...}} quizzically for a moment before shaking his head and returning to work. {{0=...|Oliver|James|Olivia|...}} had already joined a faction and continued on their way after the fog cleared from their mind.<br /><br />
// ---Building Signin---;
BuildingSignin0_Title;Investigation
BuildingSignin0_Content;After visiting the establishment, the peculiar attitude of the workers and the pristine furnishings further piqued their curiosity. Several days later, they decided to forgo their scientific obligations for one evening and investigate the {{0=| |Hardware Store|Wire Service|Book Store|Warehouse|Pet Store}}.<br />
BuildPlay_Title;Continuing Investigation - Compiled Journal Entries of {{0=...|Oliver|James|Olivia|...}}
BuildPlay_Content;{{2=|I arrived at the {{0=| |Hardware Store|Wire Service|Book Store|Warehouse|Pet Store}} under cover of darkness. I was ill-suited for such stealthy missions, but I kept my cloak and collar about my neck to conceal my identity in case I was discovered.|A thick fog shrouded my approach on the cool night that I chose to investigate the {{0=| |Hardware Store|Wire Service|Book Store|Warehouse|Pet Store}}. I asked the carriage driver to await my return on the outskirts of town, while I stole away into the empty streets. Nary a soul was about on this evening, and I was soon inside without arousing suspicion.|To my chagrin, a {{1=?|gentleman|gentlewoman}} stood near the front door of the building. At this late hour, I could only assume that they were standing guard. Not to be thwarted so easily, I tilted my hat to obscure my face and stalked into the alley behind. The lock on the rear door was a trifle for my tools, and I entered without a sound.}}<br /><br />I could either provide evidence to help <b>expose</b> the secret inner workings of the building or I could <b>conceal</b> the truth and allow the work to continue. <b>The decision was clear to me:</b><br /><br />
BuildPlay_Content1;<link=0>I exposed the truth.</link><br /><br /><link=1>I concealed the true purpose.</link>
ExposeConfirmation_Title;Exposed
ExposeConfirmation_Content;I knew it was the correct decision. To allow this terrible work to continue unabated would not align with my own crucial endeavors. But, would my cousins feel the same way?
ConcealConfirmation_Title;Concealed
ConcealConfirmation_Content;Knowledge may have been my main pursuit when investigating the suspicious building, but now with a complete understanding of the devious machinations inside, I decided to err on the side of secrecy. But would this be enough?
// ---Dev Event Cure---;
DevEventCure_Title;An Alternative Cure
DevEventCure_Content;An envoy from the {{0=?|<b>Order of St. Hubertus</b>|<b>Fraternity of Hunters</b>}} arrived bearing an interesting narrative and a shimmering tincture of liquid. She visited each of the manors in turn unable to conceal her wicked grin and laughter as she did so.<br /><br />"The brotherhood has heard of your suffering and we wish to offer an exchange. For a meager bit of knowledge, we present a cure. Drink of this liquid and your dreaded affliction will cease," she said as a bolt of lightning arced across the sky above.<br /><br />
Diseases2A_Title;A Cleansing
Diseases2A_Content;When the symptoms grew too fierce, they locked themselves away inside one of the myriad rooms of their estate. This resulted in an unfortunate loss of productivity and an odiferous contamination. When chemicals would not suffice for cleansing, it was deemed necessary to burn the entire room and start again.<br />
Diseases2B_Title;Wasted Potential
Diseases2B_Content;While the disease that plagued the scientists was manageable, the effects were still tiresome. Time spent advancing what they considered "true science" was instead squandered upon practical medical applications to assuage their own afflictions.<br />
// ---Gen 1 Creepy Conceal Expose---;
Gen1CreepyConcealExpose_0_Title;Under Cover of Darkness
Gen1CreepyConcealExpose_0_Content;On an unseasonably warm evening with a thick fog obscuring their arrival, an operative from the {{0=?|Order of St. Hubertus|Fraternity of Hunters}} knocked upon the estate door. There, at the entranceway with no intent to venture further, the man addressed {{1=...|Oliver|James|Olivia|...}} II in an authoritative tone.<br /><br />{{2=|"We have decided to forgive your family's debt to us due to your recent pledge of loyalty. I was sent to offer this word of salutation and reminder that we are pleased. Consider this canceled debt as our gift to you." The man, with a ceremonial air, then lifted a piece of parchment before him and, with a quick slice, let the cleaved paper fall to the stone steps.<br /><br />After {{1=...|Oliver|James|Olivia|...}} and the man exchanged their secret handshake, the meeting was over and the carriage was once again swallowed by the mists.|The man peered out from under his cloth hood, his eyes glowing with unnatural light. "We are displeased with your decision to forgo aligning yourself with our numbers. Fortunately for yourself, we will assume this is merely ignorance on your part and kindly ask for immediate remuneration," the man stated while several other cloaked individuals emerged from their carriage, small blades visibly clutched between their fingers.<br /><br />The gentlemen were kind enough to offer {{1=...|Oliver|James|Olivia|...}} II a choice of debt repayment.|"We have decided to forgive your family's debt to us due to your recent pledge of loyalty. I was sent to offer this word of salutation and reminder that we are pleased. Consider this canceled debt as our gift to you." The man, with a ceremonial air, then lifted a piece of parchment before him and, with a quick slice, let the cleaved paper fall to the stone steps.<br /><br />After {{1=...|Oliver|James|Olivia|...}} and the man exchanged their secret handshake, the meeting was over and the carriage was once again swallowed by the mists.|"We are displeased with your decision to forgo aligning yourself with our numbers. Fortunately for yourself, we will assume this is merely ignorance on your part and kindly ask for immediate remuneration," the man stated while several other burly individuals emerged from their carriage, tapping various gleaming bludgeoning instruments against their palms.<br /><br />The gentlemen were kind enough to offer {{1=...|Oliver|James|Olivia|...}} II a choice of debt repayment.}}<br /><br />
/// ---Buildings End---;
BuildingsEnd_Title;Good or Evil Intent
BuildingsEnd_Content;As they entered their twilight years, the results of the family's investigative efforts became known. The town, no longer in complete poverty, began to attract new interest from those with both genuine and nefarious motivations. The true intent of the family members was revealed.<br />
BuildingsEnd_Content1;The evil activities of the {{0=| |Hardware Store|Wire Service|Book Store|Warehouse|Pet Store}} were <b>thwarted</b> by our efforts. 
BuildingsEnd_Content4;The evil activities of the {{0=| |Hardware Store|Wire Service|Book Store|Warehouse|Pet Store}} were <b>successful</b> because of our collective efforts to obscure and conceal. 
MostInvestigated_Title;Most Investigations
MostInvestigated_Content;{{0=...|Oliver|James|Olivia|...}} performed the most investigative actions. This did not go unnoticed by the {{1=| |Fraternity of Hunters|Order of St. Hubertus}}, and despite their allegiances, they felt this exploratory spirit worthy of reward.<br /><br />
DiseaseEnd_Title;Longevity and Clarity
DiseaseEnd_Content;Notes from this time period detail potential blueprints for a special room -  a sanguine coagulant encased in a glass bubble and fed with an electrical current. Although there are no further mentions of the device, peculiarities in historical accounts suggest that some in the next generation received advice and assistance from an unknown source.<br />
DiseaseEffectA_Title;A Continuing Malady
DiseaseEffectA_Content;It appeared that the effects of the disease had been inherited by the next Generation. Without a cure, symptoms of this ailment began to surface at an early age and would carry on through the remainder of their lives.<br />
DiseaseEffectB_Title;Not Passed Down
DiseaseEffectB_Content;Twenty years passed without incident. As they were known to state, the only true science was that which one could observe plainly to a most dizzying effect. Surely, there would have been signs of the disease resurfacing in the next generation by then if it were truly a hereditary disease.<br /><br />Family curse? They dismissed it as simple superstition.<br />
DevastationFate1_Title;Strong Alliance
DevastationFate1_Content1;The ties that bound the family to these secret warring factions changed the course of history.<br /><br />
DevastationFate1_Content2;{{1=|While secrets could not forever be kept, the silent assistance of {{0=|two|three|four}} influential members of the upper crust ensured that the <b>Hunters</b> could progress in their endeavors long enough to make their presence integral to the town. For a price, they swore to protect all citizens from the disease and darkness that had enveloped the countryside.<br /><br />|By exposing the nefarious work of the <b>Order of St. Hubertus,</b> the additional attention forced them to leave the region. Motivated by the promise of swift justice, the <b>Fraternity of Hunters</b> created a stronghold in the town. They swore at all costs to protect the town from the evils that roamed the land.<br /><br />|While secrets could not forever be kept, the silent assistance of {{0=|two|three|four}} influential members of the upper crust ensured that the <b>Order</b> could progress in their endeavors long enough to make their presence integral to the town. They immediately began to advance their schemes.<br /><br />|By exposing the insidious deeds of the <b>Fraternity of Hunters,</b> the additional attention forced them to quit the region. Motivated by the promise of swift justice, the <b>Order of St. Hubertus</b> created a stronghold in the town. They swore to provide a haven for all outcasts.<br /><br />}}
HelpingEvil_Title;A Reward for Service
HelpingEvil_Content;Upon receipt of their inheritance, the newest Generation of scientists were surprised to find a generous addendum attached by the {{0=| |Fraternity of Hunters|Order of St. Hubertus}}. Aside from the notoriety afforded by this gift, as promised, a permanent structure was to be erected on their properties to aid in their experimental pursuits.<br /><br />